{
    "alpha": 0.01,
    "k": 13,
    "kld_matrix": [
        [
            5221.240577525506,
            54863.35130309657,
            30906.12488960988,
            2454.0,
            1412.042228221767
        ],
        [
            247623.76396282352,
            1159.0831186630435,
            30953.37353732635,
            2454.0,
            1414.0
        ],
        [
            247620.54762347342,
            54908.38005399591,
            652.4059936642591,
            2454.0,
            1414.0
        ],
        [
            247686.41265972678,
            54926.0,
            30970.993483330447,
            51.814028107998624,
            1414.0
        ],
        [
            247684.45488794855,
            54926.0,
            30970.993483330447,
            2454.0,
            29.85535278920451
        ]
    ],
    "nrc_matrix": [
        [
            0.02275084311877194,
            0.9983913059031061,
            0.9970983333209681,
            0.989516129032258,
            0.9805848807095603
        ],
        [
            0.9996450758427686,
            0.02250235958239015,
            0.9986071035252234,
            0.989516129032258,
            0.9819444444444444
        ],
        [
            0.9995039853427531,
            0.9992084356330692,
            0.025593157936900337,
            0.989516129032258,
            0.9819444444444444
        ],
        [
            0.9998959033983537,
            0.9995281820491416,
            0.9991697534806488,
            0.020892753269354282,
            0.9819444444444444
        ],
        [
            0.9998880650372417,
            0.9995281820491416,
            0.9991697534806488,
            0.989516129032258,
            0.020732883881392015
        ]
    ],
    "organisms": [
        "NC_001348.1 Human herpesvirus 3, complete genome",
        "NC_005831.2 Human Coronavirus NL63, complete genome",
        "OR353425.1 Octopus vulgaris mitochondrion, complete genome",
        "Super ISS Si1240",
        "Super MUL 720"
    ]
}
